Question,Answer
What is non-small cell lung cancer?,Non-small cell lung cancer is the most common type of lung cancer.
How common is NSCLC?,NSCLC accounts for about 85% of all lung cancer cases.
What causes NSCLC?,NSCLC is caused by genetic mutations influenced by smoking and environmental factors.
What are the risk factors for NSCLC?,"Risk factors include smoking, pollution, family history, and occupational exposures."
Does smoking cause NSCLC?,"Yes, smoking is the leading cause of NSCLC."
Can non-smokers develop NSCLC?,"Yes, about 10–15% of NSCLC cases occur in non-smokers."
What are the main types of NSCLC?,"The main types are adenocarcinoma, squamous cell carcinoma, and large cell carcinoma."
What is adenocarcinoma?,Adenocarcinoma is a type of NSCLC that begins in mucus-producing cells.
What is squamous cell carcinoma?,Squamous cell carcinoma begins in the flat cells lining the airways.
What is large cell carcinoma?,"Large cell carcinoma is an aggressive, fast-growing NSCLC type."
What are common symptoms of NSCLC?,"Symptoms include cough, shortness of breath, chest pain, and weight loss."
Can NSCLC be asymptomatic in early stages?,"Yes, early-stage NSCLC often has no symptoms."
How is NSCLC diagnosed?,"Diagnosis includes scans, biopsy, and lab tests."
What imaging tests detect NSCLC?,CT and PET scans are commonly used to detect NSCLC.
What is a biopsy in lung cancer diagnosis?,A biopsy removes tissue samples to confirm cancer.
What is staging in NSCLC?,Staging describes how far cancer has spread.
What is Stage I NSCLC?,Stage I means the cancer is small and localized.
What is Stage II NSCLC?,Stage II indicates larger tumors or spread to nearby nodes.
What is Stage III NSCLC?,Stage III means regional spread within the chest.
What is Stage IV NSCLC?,Stage IV indicates cancer has spread to distant organs.
What treatments exist for NSCLC?,"Treatment includes surgery, chemotherapy, radiation, immunotherapy, and targeted therapy."
What is surgery for NSCLC?,Surgery removes part or all of the lung containing the tumor.
What is lobectomy?,Lobectomy is removal of one lung lobe.
What is pneumonectomy?,Pneumonectomy removes an entire lung.
What is chemotherapy for NSCLC?,Chemotherapy uses drugs to kill cancer cells.
What is immunotherapy?,Immunotherapy boosts the immune system to fight cancer.
What is targeted therapy?,Targeted therapy attacks specific cancer mutations.
What is radiation therapy?,Radiation uses high-energy beams to shrink tumors.
Can NSCLC be cured?,Early-stage NSCLC may be curable; advanced stages are harder to cure.
What is the survival rate of NSCLC?,Survival rates vary by stage and treatment.
What is EGFR mutation?,EGFR mutation is a genetic change that can be treated with targeted drugs.
What is ALK rearrangement?,ALK rearrangement is a mutation treatable with ALK inhibitors.
What is KRAS mutation?,KRAS mutation is a common gene change in NSCLC.
How does genetic testing help NSCLC treatment?,Genetic testing helps match patients to targeted therapies.
What is PD-L1 testing?,PD-L1 testing determines eligibility for immunotherapy.
What is a PET scan?,A PET scan identifies active cancer cells.
What is a CT scan?,A CT scan creates detailed lung images.
What is brain metastasis in NSCLC?,Brain metastasis occurs when NSCLC spreads to the brain.
How does NSCLC spread?,NSCLC spreads through lymph nodes and bloodstream.
Can NSCLC cause pleural effusion?,"Yes, NSCLC can cause fluid buildup around lungs."
What lifestyle changes help NSCLC patients?,"Healthy diet, quitting smoking, and staying active help overall health."
Can diet affect lung cancer outcome?,Diet does not cure cancer but supports overall wellbeing.
Is exercise recommended for NSCLC patients?,Light to moderate exercise is often recommended.
What are palliative treatments?,Palliative treatments relieve symptoms without curing.
What is supportive care?,Supportive care helps improve quality of life.
Can NSCLC patients travel?,"Yes, with doctor approval, patients may travel."
Can NSCLC be hereditary?,Family history increases risk but most cases are not hereditary.
How is NSCLC monitored after treatment?,"Monitoring includes scans, blood tests, and follow-ups."
What is recurrence in lung cancer?,Recurrence means cancer has returned after treatment.
What is second-line treatment?,Second-line treatment is therapy used after first treatment fails.
What is maintenance therapy?,Maintenance therapy prolongs cancer control after initial treatment.
How long does NSCLC treatment last?,Treatment length depends on stage and therapy type.
Can NSCLC patients work during treatment?,Some patients can work depending on side effects and treatment schedule.
What are clinical trials?,Clinical trials test new cancer treatments.
Who is eligible for NSCLC clinical trials?,"Eligibility depends on stage, biomarkers, and health status."
What is minimal residual disease?,Minimal residual disease is small traces of cancer left after treatment.
Can NSCLC cause back pain?,"Yes, advanced NSCLC can cause back or bone pain."
What is the difference between NSCLC and SCLC?,NSCLC grows slower and behaves differently than small cell lung cancer.
What is the prognosis for advanced NSCLC?,"Prognosis depends on stage, health, treatment response, and mutations."
